product_id,materials,transport,use,eol,total_per_pair,year,pairs,total_company_kgco2
HOKA_RUN_1,2.28636,0.2235999999999999,3.51,0.2015,6.2214599999999995,2024,1200000,7465751.999999999
